{
  "__type__": "cc.SpriteFrame",
  "content": {
    "name": "name",
    "atlas": "",
    "rect": {
      "x": 1,
      "y": 0,
      "width": 428,
      "height": 84
    },
    "offset": {
      "x": 0.5,
      "y": 0
    },
    "originalSize": {
      "width": 429,
      "height": 84
    },
    "rotated": false,
    "capInsets": [
      0,
      0,
      0,
      0
    ],
    "vertices": {
      "rawPosition": [
        -214,
        -42,
        0,
        214,
        -42,
        0,
        -214,
        42,
        0,
        214,
        42,
        0
      ],
      "indexes": [
        0,
        1,
        2,
        2,
        1,
        3
      ],
      "uv": [
        1,
        84,
        429,
        84,
        1,
        0,
        429,
        0
      ],
      "nuv": [
        0.002331002331002331,
        0,
        1,
        0,
        0.002331002331002331,
        1,
        1,
        1
      ],
      "minPos": {
        "x": -214,
        "y": -42,
        "z": 0
      },
      "maxPos": {
        "x": 214,
        "y": 42,
        "z": 0
      }
    },
    "texture": "a78bb91a-918c-4abd-9557-fcd69d309268@6c48a",
    "packable": true,
    "pixelsToUnit": 100,
    "pivot": {
      "x": 0.5,
      "y": 0.5
    },
    "meshType": 0
  }
}