{
  "__type__": "cc.SpriteFrame",
  "content": {
    "name": "logo2",
    "atlas": "",
    "rect": {
      "x": 0,
      "y": 0,
      "width": 500,
      "height": 92
    },
    "offset": {
      "x": 0,
      "y": 0.5
    },
    "originalSize": {
      "width": 500,
      "height": 93
    },
    "rotated": false,
    "capInsets": [
      0,
      0,
      0,
      0
    ],
    "vertices": {
      "rawPosition": [
        -250,
        -46,
        0,
        250,
        -46,
        0,
        -250,
        46,
        0,
        250,
        46,
        0
      ],
      "indexes": [
        0,
        1,
        2,
        2,
        1,
        3
      ],
      "uv": [
        0,
        93,
        500,
        93,
        0,
        1,
        500,
        1
      ],
      "nuv": [
        0,
        0.010752688172043012,
        1,
        0.010752688172043012,
        0,
        1,
        1,
        1
      ],
      "minPos": {
        "x": -250,
        "y": -46,
        "z": 0
      },
      "maxPos": {
        "x": 250,
        "y": 46,
        "z": 0
      }
    },
    "texture": "e318f3bf-133a-49c1-a7d4-4821f4815f14@6c48a",
    "packable": true,
    "pixelsToUnit": 100,
    "pivot": {
      "x": 0.5,
      "y": 0.5
    },
    "meshType": 0
  }
}