{
  "__type__": "cc.SpriteFrame",
  "content": {
    "name": "game_loading2",
    "atlas": "",
    "rect": {
      "x": 1,
      "y": 1,
      "width": 107,
      "height": 36
    },
    "offset": {
      "x": 0.5,
      "y": -0.5
    },
    "originalSize": {
      "width": 108,
      "height": 37
    },
    "rotated": false,
    "capInsets": [
      0,
      0,
      0,
      0
    ],
    "vertices": {
      "rawPosition": [
        -53.5,
        -18,
        0,
        53.5,
        -18,
        0,
        -53.5,
        18,
        0,
        53.5,
        18,
        0
      ],
      "indexes": [
        0,
        1,
        2,
        2,
        1,
        3
      ],
      "uv": [
        1,
        36,
        108,
        36,
        1,
        0,
        108,
        0
      ],
      "nuv": [
        0.009259259259259259,
        0,
        1,
        0,
        0.009259259259259259,
        0.972972972972973,
        1,
        0.972972972972973
      ],
      "minPos": {
        "x": -53.5,
        "y": -18,
        "z": 0
      },
      "maxPos": {
        "x": 53.5,
        "y": 18,
        "z": 0
      }
    },
    "texture": "86e71f61-1fd6-4edb-b234-37152a62b458@6c48a",
    "packable": true,
    "pixelsToUnit": 100,
    "pivot": {
      "x": 0.5,
      "y": 0.5
    },
    "meshType": 0
  }
}